status,protein,ligand,type,tag,best_affinity_kcal_mol,min_rmsd_lb_modes2plus,results_dir,pymol_open,lig_cyclic,lig_len_aa,lig_polarity_0_1,lig_flex_0_1,lig_charge_ph74,lig_charge_kind,lig_formal_charge,lig_mw,lig_tpsa,lig_rot_bonds,lig_ring_count,pocket_residues_n,hydrophobic_pct,polar_pct,pos_count,neg_count,net_charge,hbond_count
SKIP,ppp5c_moule.pdb,aeruginosin98A_2D.sdf,enzyme,ppp5c_moule__aeruginosin98A,-9.781,1.623,/Users/user/Desktop/Projet_long/docking/results/REFINE/ppp5c_moule__aeruginosin98A,pymol /Users/user/Desktop/Projet_long/docking/results/REFINE/ppp5c_moule__aeruginosin98A/receptor_nowat.pdb /Users/user/Desktop/Projet_long/docking/results/REFINE/ppp5c_moule__aeruginosin98A/out.pdb,lineaire,4,1.0,0.833,0,formal_charge_rdkit,0,689.23,246.97,20,3,62,32.3,40.3,9,8,1,244
SKIP,ace_daphnia.pdb,microgininFR1_2D.sdf,enzyme,ace_daphnia__microgininFR1,-8.853,1.194,/Users/user/Desktop/Projet_long/docking/results/REFINE/ace_daphnia__microgininFR1,pymol /Users/user/Desktop/Projet_long/docking/results/REFINE/ace_daphnia__microgininFR1/receptor_nowat.pdb /Users/user/Desktop/Projet_long/docking/results/REFINE/ace_daphnia__microgininFR1/out.pdb,lineaire,5,1.0,0.912,0,formal_charge_rdkit,0,727.9,231.62,31,2,45,26.7,46.7,5,7,-2,169
SKIP,slco1c1_zebrafish.pdb,aeruginosin98A_2D.sdf,transporteur,slco1c1_zebrafish__aeruginosin98A,-8.597,2.081,/Users/user/Desktop/Projet_long/docking/results/REFINE/slco1c1_zebrafish__aeruginosin98A,pymol /Users/user/Desktop/Projet_long/docking/results/REFINE/slco1c1_zebrafish__aeruginosin98A/receptor_nowat.pdb /Users/user/Desktop/Projet_long/docking/results/REFINE/slco1c1_zebrafish__aeruginosin98A/out.pdb,lineaire,4,1.0,0.833,0,formal_charge_rdkit,0,689.23,246.97,20,3,47,48.9,34.0,5,3,2,143
SKIP,slco1c1_xenope.pdb,aeruginosin98A_2D.sdf,transporteur,slco1c1_xenope__aeruginosin98A,-8.585,1.493,/Users/user/Desktop/Projet_long/docking/results/REFINE/slco1c1_xenope__aeruginosin98A,pymol /Users/user/Desktop/Projet_long/docking/results/REFINE/slco1c1_xenope__aeruginosin98A/receptor_nowat.pdb /Users/user/Desktop/Projet_long/docking/results/REFINE/slco1c1_xenope__aeruginosin98A/out.pdb,lineaire,4,1.0,0.833,0,formal_charge_rdkit,0,689.23,246.97,20,3,48,50.0,33.3,5,3,2,143
SKIP,slco1c1_xenope.pdb,microcystineLR_2D.sdf,transporteur,slco1c1_xenope__microcystineLR,-8.416,1.63,/Users/user/Desktop/Projet_long/docking/results/REFINE/slco1c1_xenope__microcystineLR,pymol /Users/user/Desktop/Projet_long/docking/results/REFINE/slco1c1_xenope__microcystineLR/receptor_nowat.pdb /Users/user/Desktop/Projet_long/docking/results/REFINE/slco1c1_xenope__microcystineLR/out.pdb,cyclique,8,1.0,0.889,0,formal_charge_rdkit,0,995.19,343.14,24,2,59,54.2,32.2,5,3,2,204
SKIP,cftr_zebrafish.pdb,microcystineLR_2D.sdf,transporteur,cftr_zebrafish__microcystineLR,-8.325,1.767,/Users/user/Desktop/Projet_long/docking/results/REFINE/cftr_zebrafish__microcystineLR,pymol /Users/user/Desktop/Projet_long/docking/results/REFINE/cftr_zebrafish__microcystineLR/receptor_nowat.pdb /Users/user/Desktop/Projet_long/docking/results/REFINE/cftr_zebrafish__microcystineLR/out.pdb,cyclique,8,1.0,0.889,0,formal_charge_rdkit,0,995.19,343.14,24,2,76,36.8,28.9,14,12,2,276
SKIP,cftr_zebrafish.pdb,aeruginosin98A_2D.sdf,transporteur,cftr_zebrafish__aeruginosin98A,-8.315,2.497,/Users/user/Desktop/Projet_long/docking/results/REFINE/cftr_zebrafish__aeruginosin98A,pymol /Users/user/Desktop/Projet_long/docking/results/REFINE/cftr_zebrafish__aeruginosin98A/receptor_nowat.pdb /Users/user/Desktop/Projet_long/docking/results/REFINE/cftr_zebrafish__aeruginosin98A/out.pdb,lineaire,4,1.0,0.833,0,formal_charge_rdkit,0,689.23,246.97,20,3,68,35.3,32.4,13,9,4,204
SKIP,ppp5c_moule.pdb,microgininFR1_2D.sdf,enzyme,ppp5c_moule__microgininFR1,-8.297,1.465,/Users/user/Desktop/Projet_long/docking/results/REFINE/ppp5c_moule__microgininFR1,pymol /Users/user/Desktop/Projet_long/docking/results/REFINE/ppp5c_moule__microgininFR1/receptor_nowat.pdb /Users/user/Desktop/Projet_long/docking/results/REFINE/ppp5c_moule__microgininFR1/out.pdb,lineaire,5,1.0,0.912,0,formal_charge_rdkit,0,727.9,231.62,31,2,56,32.1,41.1,8,7,1,185
SKIP,ace_daphnia.pdb,microcystineLR_2D.sdf,enzyme,ace_daphnia__microcystineLR,-8.279,1.529,/Users/user/Desktop/Projet_long/docking/results/REFINE/ace_daphnia__microcystineLR,pymol /Users/user/Desktop/Projet_long/docking/results/REFINE/ace_daphnia__microcystineLR/receptor_nowat.pdb /Users/user/Desktop/Projet_long/docking/results/REFINE/ace_daphnia__microcystineLR/out.pdb,cyclique,8,1.0,0.889,0,formal_charge_rdkit,0,995.19,343.14,24,2,53,37.7,39.6,5,7,-2,224
SKIP,abcg2_xenope.pdb,aeruginosin98A_2D.sdf,transporteur,abcg2_xenope__aeruginosin98A,-8.208,1.105,/Users/user/Desktop/Projet_long/docking/results/REFINE/abcg2_xenope__aeruginosin98A,pymol /Users/user/Desktop/Projet_long/docking/results/REFINE/abcg2_xenope__aeruginosin98A/receptor_nowat.pdb /Users/user/Desktop/Projet_long/docking/results/REFINE/abcg2_xenope__aeruginosin98A/out.pdb,lineaire,4,1.0,0.833,0,formal_charge_rdkit,0,689.23,246.97,20,3,63,38.1,30.2,11,9,2,197
SKIP,cftr_zebrafish.pdb,cyanopeptolinA_2D.sdf,transporteur,cftr_zebrafish__cyanopeptolinA,-8.194,1.779,/Users/user/Desktop/Projet_long/docking/results/REFINE/cftr_zebrafish__cyanopeptolinA,pymol /Users/user/Desktop/Projet_long/docking/results/REFINE/cftr_zebrafish__cyanopeptolinA/receptor_nowat.pdb /Users/user/Desktop/Projet_long/docking/results/REFINE/cftr_zebrafish__cyanopeptolinA/out.pdb,cyclique,8,1.0,0.867,0,formal_charge_rdkit,0,957.14,334.35,26,3,67,38.8,29.9,12,9,3,267
SKIP,slco1c1_rattus.pdb,cyanopeptolinA_2D.sdf,transporteur,slco1c1_rattus__cyanopeptolinA,-8.132,1.565,/Users/user/Desktop/Projet_long/docking/results/REFINE/slco1c1_rattus__cyanopeptolinA,pymol /Users/user/Desktop/Projet_long/docking/results/REFINE/slco1c1_rattus__cyanopeptolinA/receptor_nowat.pdb /Users/user/Desktop/Projet_long/docking/results/REFINE/slco1c1_rattus__cyanopeptolinA/out.pdb,cyclique,8,1.0,0.867,0,formal_charge_rdkit,0,957.14,334.35,26,3,54,55.6,31.5,4,3,1,143
SKIP,abca5_zebrafish.pdb,aeruginosin98A_2D.sdf,transporteur,abca5_zebrafish__aeruginosin98A,-8.091,1.823,/Users/user/Desktop/Projet_long/docking/results/REFINE/abca5_zebrafish__aeruginosin98A,pymol /Users/user/Desktop/Projet_long/docking/results/REFINE/abca5_zebrafish__aeruginosin98A/receptor_nowat.pdb /Users/user/Desktop/Projet_long/docking/results/REFINE/abca5_zebrafish__aeruginosin98A/out.pdb,lineaire,4,1.0,0.833,0,formal_charge_rdkit,0,689.23,246.97,20,3,65,44.6,29.2,11,6,5,222
SKIP,abcc8_zebrafish.pdb,aeruginosin98A_2D.sdf,transporteur,abcc8_zebrafish__aeruginosin98A,-8.065,1.8,/Users/user/Desktop/Projet_long/docking/results/REFINE/abcc8_zebrafish__aeruginosin98A,pymol /Users/user/Desktop/Projet_long/docking/results/REFINE/abcc8_zebrafish__aeruginosin98A/receptor_nowat.pdb /Users/user/Desktop/Projet_long/docking/results/REFINE/abcc8_zebrafish__aeruginosin98A/out.pdb,lineaire,4,1.0,0.833,0,formal_charge_rdkit,0,689.23,246.97,20,3,62,35.5,41.9,9,5,4,206
SKIP,tmprss2_xenope.pdb,microcystineLR_2D.sdf,enzyme,tmprss2_xenope__microcystineLR,-7.985,1.825,/Users/user/Desktop/Projet_long/docking/results/REFINE/tmprss2_xenope__microcystineLR,pymol /Users/user/Desktop/Projet_long/docking/results/REFINE/tmprss2_xenope__microcystineLR/receptor_nowat.pdb /Users/user/Desktop/Projet_long/docking/results/REFINE/tmprss2_xenope__microcystineLR/out.pdb,cyclique,8,1.0,0.889,0,formal_charge_rdkit,0,995.19,343.14,24,2,62,41.9,43.5,5,4,1,263
SKIP,slco1c1_xenope.pdb,microgininFR1_2D.sdf,transporteur,slco1c1_xenope__microgininFR1,-7.957,1.316,/Users/user/Desktop/Projet_long/docking/results/REFINE/slco1c1_xenope__microgininFR1,pymol /Users/user/Desktop/Projet_long/docking/results/REFINE/slco1c1_xenope__microgininFR1/receptor_nowat.pdb /Users/user/Desktop/Projet_long/docking/results/REFINE/slco1c1_xenope__microgininFR1/out.pdb,lineaire,5,1.0,0.912,0,formal_charge_rdkit,0,727.9,231.62,31,2,46,56.5,26.1,5,3,2,128
SKIP,abcg8_rattus.pdb,microcystineLR_2D.sdf,transporteur,abcg8_rattus__microcystineLR,-7.956,1.377,/Users/user/Desktop/Projet_long/docking/results/REFINE/abcg8_rattus__microcystineLR,pymol /Users/user/Desktop/Projet_long/docking/results/REFINE/abcg8_rattus__microcystineLR/receptor_nowat.pdb /Users/user/Desktop/Projet_long/docking/results/REFINE/abcg8_rattus__microcystineLR/out.pdb,cyclique,8,1.0,0.889,0,formal_charge_rdkit,0,995.19,343.14,24,2,52,32.7,42.3,5,8,-3,264
SKIP,slco1c1_rattus.pdb,microgininFR1_2D.sdf,transporteur,slco1c1_rattus__microgininFR1,-7.956,1.244,/Users/user/Desktop/Projet_long/docking/results/REFINE/slco1c1_rattus__microgininFR1,pymol /Users/user/Desktop/Projet_long/docking/results/REFINE/slco1c1_rattus__microgininFR1/receptor_nowat.pdb /Users/user/Desktop/Projet_long/docking/results/REFINE/slco1c1_rattus__microgininFR1/out.pdb,lineaire,5,1.0,0.912,0,formal_charge_rdkit,0,727.9,231.62,31,2,50,56.0,28.0,4,4,0,124
SKIP,corin_rattus.pdb,aeruginosin98A_2D.sdf,enzyme,corin_rattus__aeruginosin98A,-7.926,1.874,/Users/user/Desktop/Projet_long/docking/results/REFINE/corin_rattus__aeruginosin98A,pymol /Users/user/Desktop/Projet_long/docking/results/REFINE/corin_rattus__aeruginosin98A/receptor_nowat.pdb /Users/user/Desktop/Projet_long/docking/results/REFINE/corin_rattus__aeruginosin98A/out.pdb,lineaire,4,1.0,0.833,0,formal_charge_rdkit,0,689.23,246.97,20,3,74,54.1,31.1,6,5,1,188
SKIP,abca5_zebrafish.pdb,microgininFR1_2D.sdf,transporteur,abca5_zebrafish__microgininFR1,-7.918,2.147,/Users/user/Desktop/Projet_long/docking/results/REFINE/abca5_zebrafish__microgininFR1,pymol /Users/user/Desktop/Projet_long/docking/results/REFINE/abca5_zebrafish__microgininFR1/receptor_nowat.pdb /Users/user/Desktop/Projet_long/docking/results/REFINE/abca5_zebrafish__microgininFR1/out.pdb,lineaire,5,1.0,0.912,0,formal_charge_rdkit,0,727.9,231.62,31,2,79,43.0,26.6,16,8,8,205
SKIP,abcg8_daphnia.pdb,microgininFR1_2D.sdf,transporteur,abcg8_daphnia__microgininFR1,-7.912,2.252,/Users/user/Desktop/Projet_long/docking/results/REFINE/abcg8_daphnia__microgininFR1,pymol /Users/user/Desktop/Projet_long/docking/results/REFINE/abcg8_daphnia__microgininFR1/receptor_nowat.pdb /Users/user/Desktop/Projet_long/docking/results/REFINE/abcg8_daphnia__microgininFR1/out.pdb,lineaire,5,1.0,0.912,0,formal_charge_rdkit,0,727.9,231.62,31,2,34,23.5,35.3,12,2,10,179
SKIP,cftr_zebrafish.pdb,microgininFR1_2D.sdf,transporteur,cftr_zebrafish__microgininFR1,-7.909,1.99,/Users/user/Desktop/Projet_long/docking/results/REFINE/cftr_zebrafish__microgininFR1,pymol /Users/user/Desktop/Projet_long/docking/results/REFINE/cftr_zebrafish__microgininFR1/receptor_nowat.pdb /Users/user/Desktop/Projet_long/docking/results/REFINE/cftr_zebrafish__microgininFR1/out.pdb,lineaire,5,1.0,0.912,0,formal_charge_rdkit,0,727.9,231.62,31,2,57,40.4,31.6,9,7,2,172
SKIP,slco1c1_rattus.pdb,microcystineLR_2D.sdf,transporteur,slco1c1_rattus__microcystineLR,-7.843,1.796,/Users/user/Desktop/Projet_long/docking/results/REFINE/slco1c1_rattus__microcystineLR,pymol /Users/user/Desktop/Projet_long/docking/results/REFINE/slco1c1_rattus__microcystineLR/receptor_nowat.pdb /Users/user/Desktop/Projet_long/docking/results/REFINE/slco1c1_rattus__microcystineLR/out.pdb,cyclique,8,1.0,0.889,0,formal_charge_rdkit,0,995.19,343.14,24,2,57,56.1,31.6,4,3,1,177
SKIP,abcg8_zebrafish.pdb,microcystineLR_2D.sdf,transporteur,abcg8_zebrafish__microcystineLR,-7.819,1.781,/Users/user/Desktop/Projet_long/docking/results/REFINE/abcg8_zebrafish__microcystineLR,pymol /Users/user/Desktop/Projet_long/docking/results/REFINE/abcg8_zebrafish__microcystineLR/receptor_nowat.pdb /Users/user/Desktop/Projet_long/docking/results/REFINE/abcg8_zebrafish__microcystineLR/out.pdb,cyclique,8,1.0,0.889,0,formal_charge_rdkit,0,995.19,343.14,24,2,69,26.1,37.7,10,15,-5,303
SKIP,abcg2_rattus.pdb,microgininFR1_2D.sdf,transporteur,abcg2_rattus__microgininFR1,-7.777,1.425,/Users/user/Desktop/Projet_long/docking/results/REFINE/abcg2_rattus__microgininFR1,pymol /Users/user/Desktop/Projet_long/docking/results/REFINE/abcg2_rattus__microgininFR1/receptor_nowat.pdb /Users/user/Desktop/Projet_long/docking/results/REFINE/abcg2_rattus__microgininFR1/out.pdb,lineaire,5,1.0,0.912,0,formal_charge_rdkit,0,727.9,231.62,31,2,60,43.3,28.3,10,7,3,156
SKIP,abca5_zebrafish.pdb,microcystineLR_2D.sdf,transporteur,abca5_zebrafish__microcystineLR,-7.772,1.727,/Users/user/Desktop/Projet_long/docking/results/REFINE/abca5_zebrafish__microcystineLR,pymol /Users/user/Desktop/Projet_long/docking/results/REFINE/abca5_zebrafish__microcystineLR/receptor_nowat.pdb /Users/user/Desktop/Projet_long/docking/results/REFINE/abca5_zebrafish__microcystineLR/out.pdb,cyclique,8,1.0,0.889,0,formal_charge_rdkit,0,995.19,343.14,24,2,72,37.5,27.8,18,7,11,229
SKIP,cftr_xenope.pdb,aeruginosin98A_2D.sdf,transporteur,cftr_xenope__aeruginosin98A,-7.742,2.273,/Users/user/Desktop/Projet_long/docking/results/REFINE/cftr_xenope__aeruginosin98A,pymol /Users/user/Desktop/Projet_long/docking/results/REFINE/cftr_xenope__aeruginosin98A/receptor_nowat.pdb /Users/user/Desktop/Projet_long/docking/results/REFINE/cftr_xenope__aeruginosin98A/out.pdb,lineaire,4,1.0,0.833,0,formal_charge_rdkit,0,689.23,246.97,20,3,39,33.3,33.3,7,6,1,194
SKIP,abcc5_zebrafish.pdb,aeruginosin98A_2D.sdf,transporteur,abcc5_zebrafish__aeruginosin98A,-7.699,2.431,/Users/user/Desktop/Projet_long/docking/results/REFINE/abcc5_zebrafish__aeruginosin98A,pymol /Users/user/Desktop/Projet_long/docking/results/REFINE/abcc5_zebrafish__aeruginosin98A/receptor_nowat.pdb /Users/user/Desktop/Projet_long/docking/results/REFINE/abcc5_zebrafish__aeruginosin98A/out.pdb,lineaire,4,1.0,0.833,0,formal_charge_rdkit,0,689.23,246.97,20,3,41,22.0,24.4,13,9,4,165
SKIP,abcg2_rattus.pdb,microcystineLR_2D.sdf,transporteur,abcg2_rattus__microcystineLR,-7.675,1.354,/Users/user/Desktop/Projet_long/docking/results/REFINE/abcg2_rattus__microcystineLR,pymol /Users/user/Desktop/Projet_long/docking/results/REFINE/abcg2_rattus__microcystineLR/receptor_nowat.pdb /Users/user/Desktop/Projet_long/docking/results/REFINE/abcg2_rattus__microcystineLR/out.pdb,cyclique,8,1.0,0.889,0,formal_charge_rdkit,0,995.19,343.14,24,2,55,40.0,34.5,7,7,0,195
SKIP,cftr_xenope.pdb,microcystineLR_2D.sdf,transporteur,cftr_xenope__microcystineLR,-7.67,1.797,/Users/user/Desktop/Projet_long/docking/results/REFINE/cftr_xenope__microcystineLR,pymol /Users/user/Desktop/Projet_long/docking/results/REFINE/cftr_xenope__microcystineLR/receptor_nowat.pdb /Users/user/Desktop/Projet_long/docking/results/REFINE/cftr_xenope__microcystineLR/out.pdb,cyclique,8,1.0,0.889,0,formal_charge_rdkit,0,995.19,343.14,24,2,67,47.8,25.4,12,6,6,258
SKIP,slco1c1_rattus.pdb,aeruginosin98A_2D.sdf,transporteur,slco1c1_rattus__aeruginosin98A,-7.655,1.404,/Users/user/Desktop/Projet_long/docking/results/REFINE/slco1c1_rattus__aeruginosin98A,pymol /Users/user/Desktop/Projet_long/docking/results/REFINE/slco1c1_rattus__aeruginosin98A/receptor_nowat.pdb /Users/user/Desktop/Projet_long/docking/results/REFINE/slco1c1_rattus__aeruginosin98A/out.pdb,lineaire,4,1.0,0.833,0,formal_charge_rdkit,0,689.23,246.97,20,3,50,54.0,28.0,5,4,1,141
SKIP,cftr_xenope.pdb,microgininFR1_2D.sdf,transporteur,cftr_xenope__microgininFR1,-7.603,1.666,/Users/user/Desktop/Projet_long/docking/results/REFINE/cftr_xenope__microgininFR1,pymol /Users/user/Desktop/Projet_long/docking/results/REFINE/cftr_xenope__microgininFR1/receptor_nowat.pdb /Users/user/Desktop/Projet_long/docking/results/REFINE/cftr_xenope__microgininFR1/out.pdb,lineaire,5,1.0,0.912,0,formal_charge_rdkit,0,727.9,231.62,31,2,61,47.5,26.2,12,4,8,172
SKIP,abcg8_xenope.pdb,microgininFR1_2D.sdf,transporteur,abcg8_xenope__microgininFR1,-7.597,2.267,/Users/user/Desktop/Projet_long/docking/results/REFINE/abcg8_xenope__microgininFR1,pymol /Users/user/Desktop/Projet_long/docking/results/REFINE/abcg8_xenope__microgininFR1/receptor_nowat.pdb /Users/user/Desktop/Projet_long/docking/results/REFINE/abcg8_xenope__microgininFR1/out.pdb,lineaire,5,1.0,0.912,0,formal_charge_rdkit,0,727.9,231.62,31,2,62,29.0,41.9,6,12,-6,213
SKIP,abcg4_daphnia.pdb,microgininFR1_2D.sdf,transporteur,abcg4_daphnia__microgininFR1,-7.594,1.674,/Users/user/Desktop/Projet_long/docking/results/REFINE/abcg4_daphnia__microgininFR1,pymol /Users/user/Desktop/Projet_long/docking/results/REFINE/abcg4_daphnia__microgininFR1/receptor_nowat.pdb /Users/user/Desktop/Projet_long/docking/results/REFINE/abcg4_daphnia__microgininFR1/out.pdb,lineaire,5,1.0,0.912,0,formal_charge_rdkit,0,727.9,231.62,31,2,63,46.0,30.2,8,7,1,165
SKIP,abcg8_xenope.pdb,microcystineLR_2D.sdf,transporteur,abcg8_xenope__microcystineLR,-7.589,1.378,/Users/user/Desktop/Projet_long/docking/results/REFINE/abcg8_xenope__microcystineLR,pymol /Users/user/Desktop/Projet_long/docking/results/REFINE/abcg8_xenope__microcystineLR/receptor_nowat.pdb /Users/user/Desktop/Projet_long/docking/results/REFINE/abcg8_xenope__microcystineLR/out.pdb,cyclique,8,1.0,0.889,0,formal_charge_rdkit,0,995.19,343.14,24,2,57,26.3,42.1,6,12,-6,253
SKIP,abcc1_xenope.pdb,microcystineLR_2D.sdf,transporteur,abcc1_xenope__microcystineLR,-7.577,1.478,/Users/user/Desktop/Projet_long/docking/results/REFINE/abcc1_xenope__microcystineLR,pymol /Users/user/Desktop/Projet_long/docking/results/REFINE/abcc1_xenope__microcystineLR/receptor_nowat.pdb /Users/user/Desktop/Projet_long/docking/results/REFINE/abcc1_xenope__microcystineLR/out.pdb,cyclique,8,1.0,0.889,0,formal_charge_rdkit,0,995.19,343.14,24,2,52,34.6,28.8,10,9,1,284
SKIP,abcc8_zebrafish.pdb,microcystineLR_2D.sdf,transporteur,abcc8_zebrafish__microcystineLR,-7.573,1.479,/Users/user/Desktop/Projet_long/docking/results/REFINE/abcc8_zebrafish__microcystineLR,pymol /Users/user/Desktop/Projet_long/docking/results/REFINE/abcc8_zebrafish__microcystineLR/receptor_nowat.pdb /Users/user/Desktop/Projet_long/docking/results/REFINE/abcc8_zebrafish__microcystineLR/out.pdb,cyclique,8,1.0,0.889,0,formal_charge_rdkit,0,995.19,343.14,24,2,59,32.2,44.1,8,6,2,231
SKIP,abcc8_rattus.pdb,aeruginosin98A_2D.sdf,transporteur,abcc8_rattus__aeruginosin98A,-7.496,1.282,/Users/user/Desktop/Projet_long/docking/results/REFINE/abcc8_rattus__aeruginosin98A,pymol /Users/user/Desktop/Projet_long/docking/results/REFINE/abcc8_rattus__aeruginosin98A/receptor_nowat.pdb /Users/user/Desktop/Projet_long/docking/results/REFINE/abcc8_rattus__aeruginosin98A/out.pdb,lineaire,4,1.0,0.833,0,formal_charge_rdkit,0,689.23,246.97,20,3,56,37.5,41.1,7,5,2,208
SKIP,abcg2_xenope.pdb,microcystineLR_2D.sdf,transporteur,abcg2_xenope__microcystineLR,-7.436,1.466,/Users/user/Desktop/Projet_long/docking/results/REFINE/abcg2_xenope__microcystineLR,pymol /Users/user/Desktop/Projet_long/docking/results/REFINE/abcg2_xenope__microcystineLR/receptor_nowat.pdb /Users/user/Desktop/Projet_long/docking/results/REFINE/abcg2_xenope__microcystineLR/out.pdb,cyclique,8,1.0,0.889,0,formal_charge_rdkit,0,995.19,343.14,24,2,66,40.9,28.8,10,10,0,249
SKIP,abcb6_xenope.pdb,aeruginosin98A_2D.sdf,transporteur,abcb6_xenope__aeruginosin98A,-7.417,1.242,/Users/user/Desktop/Projet_long/docking/results/REFINE/abcb6_xenope__aeruginosin98A,pymol /Users/user/Desktop/Projet_long/docking/results/REFINE/abcb6_xenope__aeruginosin98A/receptor_nowat.pdb /Users/user/Desktop/Projet_long/docking/results/REFINE/abcb6_xenope__aeruginosin98A/out.pdb,lineaire,4,1.0,0.833,0,formal_charge_rdkit,0,689.23,246.97,20,3,42,21.4,45.2,7,7,0,206
SKIP,abcg4_xenope.pdb,aeruginosin98A_2D.sdf,transporteur,abcg4_xenope__aeruginosin98A,-7.401,1.443,/Users/user/Desktop/Projet_long/docking/results/REFINE/abcg4_xenope__aeruginosin98A,pymol /Users/user/Desktop/Projet_long/docking/results/REFINE/abcg4_xenope__aeruginosin98A/receptor_nowat.pdb /Users/user/Desktop/Projet_long/docking/results/REFINE/abcg4_xenope__aeruginosin98A/out.pdb,lineaire,4,1.0,0.833,0,formal_charge_rdkit,0,689.23,246.97,20,3,57,40.4,33.3,8,7,1,181
SKIP,abcg4_rattus.pdb,microgininFR1_2D.sdf,transporteur,abcg4_rattus__microgininFR1,-7.379,1.179,/Users/user/Desktop/Projet_long/docking/results/REFINE/abcg4_rattus__microgininFR1,pymol /Users/user/Desktop/Projet_long/docking/results/REFINE/abcg4_rattus__microgininFR1/receptor_nowat.pdb /Users/user/Desktop/Projet_long/docking/results/REFINE/abcg4_rattus__microgininFR1/out.pdb,lineaire,5,1.0,0.912,0,formal_charge_rdkit,0,727.9,231.62,31,2,52,50.0,26.9,5,7,-2,117
SKIP,abcb6_zebrafish.pdb,aeruginosin98A_2D.sdf,transporteur,abcb6_zebrafish__aeruginosin98A,-7.344,1.876,/Users/user/Desktop/Projet_long/docking/results/REFINE/abcb6_zebrafish__aeruginosin98A,pymol /Users/user/Desktop/Projet_long/docking/results/REFINE/abcb6_zebrafish__aeruginosin98A/receptor_nowat.pdb /Users/user/Desktop/Projet_long/docking/results/REFINE/abcb6_zebrafish__aeruginosin98A/out.pdb,lineaire,4,1.0,0.833,0,formal_charge_rdkit,0,689.23,246.97,20,3,45,31.1,44.4,6,5,1,217
SKIP,abcc5_zebrafish.pdb,microcystineLR_2D.sdf,transporteur,abcc5_zebrafish__microcystineLR,-7.268,2.142,/Users/user/Desktop/Projet_long/docking/results/REFINE/abcc5_zebrafish__microcystineLR,pymol /Users/user/Desktop/Projet_long/docking/results/REFINE/abcc5_zebrafish__microcystineLR/receptor_nowat.pdb /Users/user/Desktop/Projet_long/docking/results/REFINE/abcc5_zebrafish__microcystineLR/out.pdb,cyclique,8,1.0,0.889,0,formal_charge_rdkit,0,995.19,343.14,24,2,53,30.2,20.8,15,11,4,204
SKIP,abcc8_zebrafish.pdb,cyanopeptolinA_2D.sdf,transporteur,abcc8_zebrafish__cyanopeptolinA,-7.25,2.057,/Users/user/Desktop/Projet_long/docking/results/REFINE/abcc8_zebrafish__cyanopeptolinA,pymol /Users/user/Desktop/Projet_long/docking/results/REFINE/abcc8_zebrafish__cyanopeptolinA/receptor_nowat.pdb /Users/user/Desktop/Projet_long/docking/results/REFINE/abcc8_zebrafish__cyanopeptolinA/out.pdb,cyclique,8,1.0,0.867,0,formal_charge_rdkit,0,957.14,334.35,26,3,66,36.4,36.4,11,7,4,211
SKIP,cftr_rattus.pdb,microcystineLR_2D.sdf,transporteur,cftr_rattus__microcystineLR,-7.244,1.74,/Users/user/Desktop/Projet_long/docking/results/REFINE/cftr_rattus__microcystineLR,pymol /Users/user/Desktop/Projet_long/docking/results/REFINE/cftr_rattus__microcystineLR/receptor_nowat.pdb /Users/user/Desktop/Projet_long/docking/results/REFINE/cftr_rattus__microcystineLR/out.pdb,cyclique,8,1.0,0.889,0,formal_charge_rdkit,0,995.19,343.14,24,2,57,47.4,26.3,9,6,3,214
SKIP,abcc9_zebrafish.pdb,aeruginosin98A_2D.sdf,transporteur,abcc9_zebrafish__aeruginosin98A,-7.241,1.457,/Users/user/Desktop/Projet_long/docking/results/REFINE/abcc9_zebrafish__aeruginosin98A,pymol /Users/user/Desktop/Projet_long/docking/results/REFINE/abcc9_zebrafish__aeruginosin98A/receptor_nowat.pdb /Users/user/Desktop/Projet_long/docking/results/REFINE/abcc9_zebrafish__aeruginosin98A/out.pdb,lineaire,4,1.0,0.833,0,formal_charge_rdkit,0,689.23,246.97,20,3,83,36.1,38.6,12,9,3,202
SKIP,abcg2_zebrafish.pdb,aeruginosin98A_2D.sdf,transporteur,abcg2_zebrafish__aeruginosin98A,-7.239,1.474,/Users/user/Desktop/Projet_long/docking/results/REFINE/abcg2_zebrafish__aeruginosin98A,pymol /Users/user/Desktop/Projet_long/docking/results/REFINE/abcg2_zebrafish__aeruginosin98A/receptor_nowat.pdb /Users/user/Desktop/Projet_long/docking/results/REFINE/abcg2_zebrafish__aeruginosin98A/out.pdb,lineaire,4,1.0,0.833,0,formal_charge_rdkit,0,689.23,246.97,20,3,52,42.3,26.9,8,8,0,186
SKIP,abcc9_rattus.pdb,microcystineLR_2D.sdf,transporteur,abcc9_rattus__microcystineLR,-7.225,1.652,/Users/user/Desktop/Projet_long/docking/results/REFINE/abcc9_rattus__microcystineLR,pymol /Users/user/Desktop/Projet_long/docking/results/REFINE/abcc9_rattus__microcystineLR/receptor_nowat.pdb /Users/user/Desktop/Projet_long/docking/results/REFINE/abcc9_rattus__microcystineLR/out.pdb,cyclique,8,1.0,0.889,0,formal_charge_rdkit,0,995.19,343.14,24,2,97,40.2,30.9,13,15,-2,194
SKIP,abcg8_rattus.pdb,aeruginosin98A_2D.sdf,transporteur,abcg8_rattus__aeruginosin98A,-7.217,1.718,/Users/user/Desktop/Projet_long/docking/results/REFINE/abcg8_rattus__aeruginosin98A,pymol /Users/user/Desktop/Projet_long/docking/results/REFINE/abcg8_rattus__aeruginosin98A/receptor_nowat.pdb /Users/user/Desktop/Projet_long/docking/results/REFINE/abcg8_rattus__aeruginosin98A/out.pdb,lineaire,4,1.0,0.833,0,formal_charge_rdkit,0,689.23,246.97,20,3,71,36.6,39.4,8,9,-1,210
SKIP,abcg8_zebrafish.pdb,microgininFR1_2D.sdf,transporteur,abcg8_zebrafish__microgininFR1,-7.209,1.784,/Users/user/Desktop/Projet_long/docking/results/REFINE/abcg8_zebrafish__microgininFR1,pymol /Users/user/Desktop/Projet_long/docking/results/REFINE/abcg8_zebrafish__microgininFR1/receptor_nowat.pdb /Users/user/Desktop/Projet_long/docking/results/REFINE/abcg8_zebrafish__microgininFR1/out.pdb,lineaire,5,1.0,0.912,0,formal_charge_rdkit,0,727.9,231.62,31,2,77,28.6,36.4,12,15,-3,213
SKIP,abcb11_zebrafish.pdb,aeruginosin98A_2D.sdf,transporteur,abcb11_zebrafish__aeruginosin98A,-7.184,1.951,/Users/user/Desktop/Projet_long/docking/results/REFINE/abcb11_zebrafish__aeruginosin98A,pymol /Users/user/Desktop/Projet_long/docking/results/REFINE/abcb11_zebrafish__aeruginosin98A/receptor_nowat.pdb /Users/user/Desktop/Projet_long/docking/results/REFINE/abcb11_zebrafish__aeruginosin98A/out.pdb,lineaire,4,1.0,0.833,0,formal_charge_rdkit,0,689.23,246.97,20,3,71,42.3,28.2,10,11,-1,188
SKIP,abcc1_zebrafish.pdb,microgininFR1_2D.sdf,transporteur,abcc1_zebrafish__microgininFR1,-7.176,2.41,/Users/user/Desktop/Projet_long/docking/results/REFINE/abcc1_zebrafish__microgininFR1,pymol /Users/user/Desktop/Projet_long/docking/results/REFINE/abcc1_zebrafish__microgininFR1/receptor_nowat.pdb /Users/user/Desktop/Projet_long/docking/results/REFINE/abcc1_zebrafish__microgininFR1/out.pdb,lineaire,5,1.0,0.912,0,formal_charge_rdkit,0,727.9,231.62,31,2,60,30.0,38.3,11,8,3,196
SKIP,abcb11_zebrafish.pdb,cyanopeptolinA_2D.sdf,transporteur,abcb11_zebrafish__cyanopeptolinA,-7.169,1.681,/Users/user/Desktop/Projet_long/docking/results/REFINE/abcb11_zebrafish__cyanopeptolinA,pymol /Users/user/Desktop/Projet_long/docking/results/REFINE/abcb11_zebrafish__cyanopeptolinA/receptor_nowat.pdb /Users/user/Desktop/Projet_long/docking/results/REFINE/abcb11_zebrafish__cyanopeptolinA/out.pdb,cyclique,8,1.0,0.867,0,formal_charge_rdkit,0,957.14,334.35,26,3,86,37.2,30.2,14,14,0,215
SKIP,abcc1_xenope.pdb,microgininFR1_2D.sdf,transporteur,abcc1_xenope__microgininFR1,-7.16,2.032,/Users/user/Desktop/Projet_long/docking/results/REFINE/abcc1_xenope__microgininFR1,pymol /Users/user/Desktop/Projet_long/docking/results/REFINE/abcc1_xenope__microgininFR1/receptor_nowat.pdb /Users/user/Desktop/Projet_long/docking/results/REFINE/abcc1_xenope__microgininFR1/out.pdb,lineaire,5,1.0,0.912,0,formal_charge_rdkit,0,727.9,231.62,31,2,46,34.8,32.6,7,8,-1,228
SKIP,abcg4_zebrafish.pdb,microcystineLR_2D.sdf,transporteur,abcg4_zebrafish__microcystineLR,-7.145,2.402,/Users/user/Desktop/Projet_long/docking/results/REFINE/abcg4_zebrafish__microcystineLR,pymol /Users/user/Desktop/Projet_long/docking/results/REFINE/abcg4_zebrafish__microcystineLR/receptor_nowat.pdb /Users/user/Desktop/Projet_long/docking/results/REFINE/abcg4_zebrafish__microcystineLR/out.pdb,cyclique,8,1.0,0.889,0,formal_charge_rdkit,0,995.19,343.14,24,2,59,45.8,32.2,5,8,-3,210
SKIP,abcc3_zebrafish.pdb,aeruginosin98A_2D.sdf,transporteur,abcc3_zebrafish__aeruginosin98A,-7.135,2.013,/Users/user/Desktop/Projet_long/docking/results/REFINE/abcc3_zebrafish__aeruginosin98A,pymol /Users/user/Desktop/Projet_long/docking/results/REFINE/abcc3_zebrafish__aeruginosin98A/receptor_nowat.pdb /Users/user/Desktop/Projet_long/docking/results/REFINE/abcc3_zebrafish__aeruginosin98A/out.pdb,lineaire,4,1.0,0.833,0,formal_charge_rdkit,0,689.23,246.97,20,3,47,48.9,38.3,2,4,-2,112
SKIP,abcc1_xenope.pdb,aeruginosin98A_2D.sdf,transporteur,abcc1_xenope__aeruginosin98A,-7.098,1.66,/Users/user/Desktop/Projet_long/docking/results/REFINE/abcc1_xenope__aeruginosin98A,pymol /Users/user/Desktop/Projet_long/docking/results/REFINE/abcc1_xenope__aeruginosin98A/receptor_nowat.pdb /Users/user/Desktop/Projet_long/docking/results/REFINE/abcc1_xenope__aeruginosin98A/out.pdb,lineaire,4,1.0,0.833,0,formal_charge_rdkit,0,689.23,246.97,20,3,45,28.9,33.3,8,9,-1,235
SKIP,abcc8_zebrafish.pdb,microgininFR1_2D.sdf,transporteur,abcc8_zebrafish__microgininFR1,-7.091,2.15,/Users/user/Desktop/Projet_long/docking/results/REFINE/abcc8_zebrafish__microgininFR1,pymol /Users/user/Desktop/Projet_long/docking/results/REFINE/abcc8_zebrafish__microgininFR1/receptor_nowat.pdb /Users/user/Desktop/Projet_long/docking/results/REFINE/abcc8_zebrafish__microgininFR1/out.pdb,lineaire,5,1.0,0.912,0,formal_charge_rdkit,0,727.9,231.62,31,2,50,36.0,42.0,6,5,1,192
SKIP,abcc5_xenope.pdb,microcystineLR_2D.sdf,transporteur,abcc5_xenope__microcystineLR,-7.09,2.116,/Users/user/Desktop/Projet_long/docking/results/REFINE/abcc5_xenope__microcystineLR,pymol /Users/user/Desktop/Projet_long/docking/results/REFINE/abcc5_xenope__microcystineLR/receptor_nowat.pdb /Users/user/Desktop/Projet_long/docking/results/REFINE/abcc5_xenope__microcystineLR/out.pdb,cyclique,8,1.0,0.889,0,formal_charge_rdkit,0,995.19,343.14,24,2,69,27.5,36.2,14,11,3,244
SKIP,abcc5_xenope.pdb,aeruginosin98A_2D.sdf,transporteur,abcc5_xenope__aeruginosin98A,-7.084,1.927,/Users/user/Desktop/Projet_long/docking/results/REFINE/abcc5_xenope__aeruginosin98A,pymol /Users/user/Desktop/Projet_long/docking/results/REFINE/abcc5_xenope__aeruginosin98A/receptor_nowat.pdb /Users/user/Desktop/Projet_long/docking/results/REFINE/abcc5_xenope__aeruginosin98A/out.pdb,lineaire,4,1.0,0.833,0,formal_charge_rdkit,0,689.23,246.97,20,3,59,23.7,32.2,16,10,6,202
SKIP,abcb6_daphnia.pdb,microcystineLR_2D.sdf,transporteur,abcb6_daphnia__microcystineLR,-7.08,1.551,/Users/user/Desktop/Projet_long/docking/results/REFINE/abcb6_daphnia__microcystineLR,pymol /Users/user/Desktop/Projet_long/docking/results/REFINE/abcb6_daphnia__microcystineLR/receptor_nowat.pdb /Users/user/Desktop/Projet_long/docking/results/REFINE/abcb6_daphnia__microcystineLR/out.pdb,cyclique,8,1.0,0.889,0,formal_charge_rdkit,0,995.19,343.14,24,2,49,26.5,44.9,7,7,0,256
SKIP,cftr_rattus.pdb,microgininFR1_2D.sdf,transporteur,cftr_rattus__microgininFR1,-7.079,1.629,/Users/user/Desktop/Projet_long/docking/results/REFINE/cftr_rattus__microgininFR1,pymol /Users/user/Desktop/Projet_long/docking/results/REFINE/cftr_rattus__microgininFR1/receptor_nowat.pdb /Users/user/Desktop/Projet_long/docking/results/REFINE/cftr_rattus__microgininFR1/out.pdb,lineaire,5,1.0,0.912,0,formal_charge_rdkit,0,727.9,231.62,31,2,48,47.9,29.2,7,4,3,163
SKIP,slco1c1_zebrafish.pdb,microgininFR1_2D.sdf,transporteur,slco1c1_zebrafish__microgininFR1,-7.012,1.12,/Users/user/Desktop/Projet_long/docking/results/REFINE/slco1c1_zebrafish__microgininFR1,pymol /Users/user/Desktop/Projet_long/docking/results/REFINE/slco1c1_zebrafish__microgininFR1/receptor_nowat.pdb /Users/user/Desktop/Projet_long/docking/results/REFINE/slco1c1_zebrafish__microgininFR1/out.pdb,lineaire,5,1.0,0.912,0,formal_charge_rdkit,0,727.9,231.62,31,2,48,45.8,37.5,5,3,2,122
SKIP,abcg8_xenope.pdb,aeruginosin98A_2D.sdf,transporteur,abcg8_xenope__aeruginosin98A,-7.011,2.1,/Users/user/Desktop/Projet_long/docking/results/REFINE/abcg8_xenope__aeruginosin98A,pymol /Users/user/Desktop/Projet_long/docking/results/REFINE/abcg8_xenope__aeruginosin98A/receptor_nowat.pdb /Users/user/Desktop/Projet_long/docking/results/REFINE/abcg8_xenope__aeruginosin98A/out.pdb,lineaire,4,1.0,0.833,0,formal_charge_rdkit,0,689.23,246.97,20,3,59,27.1,40.7,6,13,-7,251
